name	wiki	year	inf
Seneca the Younger	https://en.wikipedia.org/wiki/Seneca_the_Younger	-004	0
Lucretius	https://en.wikipedia.org/wiki/Lucretius	-099	3
Philodemus	https://en.wikipedia.org/wiki/Philodemus	-110	0
Posidonius	https://en.wikipedia.org/wiki/Posidonius	-135	1
Zeno of Sidon	https://en.wikipedia.org/wiki/Zeno_of_Sidon	-150	1
Chrysippus	https://en.wikipedia.org/wiki/Chrysippus	-279	0
Cleanthes	https://en.wikipedia.org/wiki/Cleanthes	-330	1
Zeno of Citium	https://en.wikipedia.org/wiki/Zeno_of_Citium	-334	6
Strato of Lampsacus	https://en.wikipedia.org/wiki/Strato_of_Lampsacus	-335	1
Epicurus	https://en.wikipedia.org/wiki/Epicurus	-341	14
Hipparchia of Maroneia	https://en.wikipedia.org/wiki/Hipparchia_of_Maroneia	-350	0
Stilpo	https://en.wikipedia.org/wiki/Stilpo	-360	2
Pyrrho	https://en.wikipedia.org/wiki/Pyrrho	-360	6
Crates of Thebes	https://en.wikipedia.org/wiki/Crates_of_Thebes	-365	2
Theophrastus	https://en.wikipedia.org/wiki/Theophrastus	-371	1
Mencius	https://en.wikipedia.org/wiki/Mencius	-372	0
Speusippus	https://en.wikipedia.org/wiki/Speusippus	-408	1
Diogenes of Sinope	https://en.wikipedia.org/wiki/Diogenes_of_Sinope	-412	3
Euclid of Megara	https://en.wikipedia.org/wiki/Euclid_of_Megara	-435	1
Aristippus	https://en.wikipedia.org/wiki/Aristippus	-435	2
Antisthenes	https://en.wikipedia.org/wiki/Antisthenes	-445	2
Democritus	https://en.wikipedia.org/wiki/Democritus	-460	1
Gorgias	https://en.wikipedia.org/wiki/Gorgias	-487	2
Zeno of Elea	https://en.wikipedia.org/wiki/Zeno_of_Elea	-490	4
Empedocles	https://en.wikipedia.org/wiki/Empedocles	-490	4
Heraclitus	https://en.wikipedia.org/wiki/Heraclitus	-535	10
Confucius	https://en.wikipedia.org/wiki/Confucius	-551	2
Pythagoras	https://en.wikipedia.org/wiki/Pythagoras	-570	0
Pherecydes of Syros	https://en.wikipedia.org/wiki/Pherecydes_of_Syros	-580	1
Anaximenes of Miletus	https://en.wikipedia.org/wiki/Anaximenes_of_Miletus	-585	0
Anaximander	https://en.wikipedia.org/wiki/Anaximander	-611	3
Thales	https://en.wikipedia.org/wiki/Thales	-624	1
Aenesidemus	https://en.wikipedia.org/wiki/Aenesidemus	0001	1
Leucippus	https://en.wikipedia.org/wiki/Leucippus	0005	1
David Hume	https://en.wikipedia.org/wiki/David_Hume	0007	15
Dean Zimmerman	https://en.wikipedia.org/wiki/Dean_Zimmerman	0012	0
Epictetus	https://en.wikipedia.org/wiki/Epictetus	0055	1
Sextus Empiricus	https://en.wikipedia.org/wiki/Sextus_Empiricus	0160	5
Panaetius	https://en.wikipedia.org/wiki/Panaetius	0185	1
Plotinus	https://en.wikipedia.org/wiki/Plotinus	0204	9
Carneades	https://en.wikipedia.org/wiki/Carneades	0214	1
Porphyry (philosopher)	https://en.wikipedia.org/wiki/Porphyry_(philosopher)	0234	1
Iamblichus	https://en.wikipedia.org/wiki/Iamblichus	0245	1
Arcesilaus	https://en.wikipedia.org/wiki/Arcesilaus	0316	1
Metrodorus of Lampsacus (the younger)	https://en.wikipedia.org/wiki/Metrodorus_of_Lampsacus_(the_younger)	0331	0
Aristotle	https://en.wikipedia.org/wiki/Aristotle	0384	0
Xenocrates	https://en.wikipedia.org/wiki/Xenocrates	0396	0
Proclus	https://en.wikipedia.org/wiki/Proclus	0412	0
Plato	https://en.wikipedia.org/wiki/Plato	0428	0
Socrates	https://en.wikipedia.org/wiki/Socrates	0469	4
Boethius	https://en.wikipedia.org/wiki/Boethius	0480	1
Protagoras	https://en.wikipedia.org/wiki/Protagoras	0490	3
Parmenides	https://en.wikipedia.org/wiki/Parmenides	0515	7
Al-Jahiz	https://en.wikipedia.org/wiki/Al-Jahiz	0776	1
Al-Kindi	https://en.wikipedia.org/wiki/Al-Kindi	0801	1
Bayazid Bastami	https://en.wikipedia.org/wiki/Bayazid_Bastami	0804	1
John Scotus Eriugena	https://en.wikipedia.org/wiki/John_Scotus_Eriugena	0815	2
Abu Zayd al-Balkhi	https://en.wikipedia.org/wiki/Abu_Zayd_al-Balkhi	0850	0
Zhou Dunyi	https://en.wikipedia.org/wiki/Zhou_Dunyi	1017	2
Cheng Yi (philosopher)	https://en.wikipedia.org/wiki/Cheng_Yi_(philosopher)	1033	1
Peter Abelard	https://en.wikipedia.org/wiki/Peter_Abelard	1079	1
Ibn Ma%E1%B8%8D%C4%81%CA%BE	https://en.wikipedia.org/wiki/Ibn_Ma%E1%B8%8D%C4%81%CA%BE	1116	0
Averroes	https://en.wikipedia.org/wiki/Averroes	1126	1
Zhu Xi	https://en.wikipedia.org/wiki/Zhu_Xi	1130	0
Maimonides	https://en.wikipedia.org/wiki/Maimonides	1135	4
Ibn Arabi	https://en.wikipedia.org/wiki/Ibn_Arabi	1165	3
Albertus Magnus  Albert the Great  1	https://en.wikipedia.org/wiki/Albertus_Magnus__Albert_the_Great__1	1200	2
Bonaventure  Bonaventure  1	https://en.wikipedia.org/wiki/Bonaventure__Bonaventure__1	1221	1
Meister Eckhart	https://en.wikipedia.org/wiki/Meister_Eckhart	1260	1
Duns Scotus	https://en.wikipedia.org/wiki/Duns_Scotus	1266	6
William of Ockham	https://en.wikipedia.org/wiki/William_of_Ockham	1285	2
John Wycliffe	https://en.wikipedia.org/wiki/John_Wycliffe	1320	1
Gemistus Pletho	https://en.wikipedia.org/wiki/Gemistus_Pletho	1355	0
Jan Hus	https://en.wikipedia.org/wiki/Jan_Hus	1369	0
Nicholas of Cusa	https://en.wikipedia.org/wiki/Nicholas_of_Cusa	1401	3
Giovanni Pico della Mirandola	https://en.wikipedia.org/wiki/Giovanni_Pico_della_Mirandola	1463	1
Desiderius Erasmus	https://en.wikipedia.org/wiki/Desiderius_Erasmus	1466	0
Guillaume Bud%C3%A9	https://en.wikipedia.org/wiki/Guillaume_Bud%C3%A9	1467	1
John Colet	https://en.wikipedia.org/wiki/John_Colet	1467	1
Guillaume Budé	https://en.wikipedia.org/wiki/Guillaume_Budé	1467	1
Niccol%C3%B2 Machiavelli	https://en.wikipedia.org/wiki/Niccol%C3%B2_Machiavelli	1469	12
Niccolò Machiavelli	https://en.wikipedia.org/wiki/Niccolò_Machiavelli	1469	11
Jean Bodin	https://en.wikipedia.org/wiki/Jean_Bodin	1530	1
Michel de Montaigne	https://en.wikipedia.org/wiki/Michel_de_Montaigne	1533	10
Pierre Charron	https://en.wikipedia.org/wiki/Pierre_Charron	1541	0
Giordano Bruno	https://en.wikipedia.org/wiki/Giordano_Bruno	1548	3
Francisco Su%C3%A1rez	https://en.wikipedia.org/wiki/Francisco_Su%C3%A1rez	1548	4
Francisco Suárez	https://en.wikipedia.org/wiki/Francisco_Suárez	1548	3
Francis Bacon	https://en.wikipedia.org/wiki/Francis_Bacon	1561	3
Ahmad Sirhindi	https://en.wikipedia.org/wiki/Ahmad_Sirhindi	1564	0
Mulla Sadra	https://en.wikipedia.org/wiki/Mulla_Sadra	1571	0
Jakob B%C3%B6hme	https://en.wikipedia.org/wiki/Jakob_B%C3%B6hme	1575	4
Jakob Böhme	https://en.wikipedia.org/wiki/Jakob_Böhme	1575	3
Hugo Grotius	https://en.wikipedia.org/wiki/Hugo_Grotius	1583	4
John Selden	https://en.wikipedia.org/wiki/John_Selden	1584	3
Thomas Hobbes	https://en.wikipedia.org/wiki/Thomas_Hobbes	1588	0
Pierre Gassendi	https://en.wikipedia.org/wiki/Pierre_Gassendi	1592	2
Ren%C3%A9 Descartes	https://en.wikipedia.org/wiki/Ren%C3%A9_Descartes	1596	7
René Descartes	https://en.wikipedia.org/wiki/René_Descartes	1596	4
Blaise Pascal	https://en.wikipedia.org/wiki/Blaise_Pascal	1623	0
Algernon Sidney	https://en.wikipedia.org/wiki/Algernon_Sidney	1623	1
William Petty	https://en.wikipedia.org/wiki/William_Petty	1623	2
Baruch Spinoza	https://en.wikipedia.org/wiki/Baruch_Spinoza	1632	14
John Locke	https://en.wikipedia.org/wiki/John_Locke	1632	11
Nicolas Malebranche	https://en.wikipedia.org/wiki/Nicolas_Malebranche	1638	7
Gottfried Wilhelm Leibniz	https://en.wikipedia.org/wiki/Gottfried_Wilhelm_Leibniz	1646	16
Pierre Bayle	https://en.wikipedia.org/wiki/Pierre_Bayle	1647	3
Damaris Cudworth Masham	https://en.wikipedia.org/wiki/Damaris_Cudworth_Masham	1659	14
Gabriel Wagner	https://en.wikipedia.org/wiki/Gabriel_Wagner	1660	0
Bernard Mandeville	https://en.wikipedia.org/wiki/Bernard_Mandeville	1670	1
Anthony Collins	https://en.wikipedia.org/wiki/Anthony_Collins	1676	0
Christian Wolff (philosopher)	https://en.wikipedia.org/wiki/Christian_Wolff_(philosopher)	1679	4
George Berkeley	https://en.wikipedia.org/wiki/George_Berkeley	1685	6
Montesquieu	https://en.wikipedia.org/wiki/Montesquieu	1689	7
Francis Hutcheson (philosopher)	https://en.wikipedia.org/wiki/Francis_Hutcheson_(philosopher)	1694	3
David Hartley (philosopher)	https://en.wikipedia.org/wiki/David_Hartley_(philosopher)	1705	2
Julien Offray de La Mettrie	https://en.wikipedia.org/wiki/Julien_Offray_de_La_Mettrie	1709	1
Thomas Reid	https://en.wikipedia.org/wiki/Thomas_Reid	1710	9
Jean-Jacques Rousseau	https://en.wikipedia.org/wiki/Jean-Jacques_Rousseau	1712	17
Denis Diderot	https://en.wikipedia.org/wiki/Denis_Diderot	1713	2
Emer de Vattel	https://en.wikipedia.org/wiki/Emer_de_Vattel	1714	0
Alexander Gottlieb Baumgarten	https://en.wikipedia.org/wiki/Alexander_Gottlieb_Baumgarten	1714	1
%C3%89tienne Bonnot de Condillac	https://en.wikipedia.org/wiki/%C3%89tienne_Bonnot_de_Condillac	1714	2
Étienne Bonnot de Condillac	https://en.wikipedia.org/wiki/Étienne_Bonnot_de_Condillac	1714	1
Claude Adrien Helvétius	https://en.wikipedia.org/wiki/Claude_Adrien_Helvétius	1715	0
Claude Adrien Helv%C3%A9tius	https://en.wikipedia.org/wiki/Claude_Adrien_Helv%C3%A9tius	1715	0
William Cleghorn	https://en.wikipedia.org/wiki/William_Cleghorn	1719	1
Adam Ferguson	https://en.wikipedia.org/wiki/Adam_Ferguson	1723	0
Adam Smith	https://en.wikipedia.org/wiki/Adam_Smith	1723	0
Baron d'Holbach	https://en.wikipedia.org/wiki/Baron_d'Holbach	1723	3
Immanuel Kant	https://en.wikipedia.org/wiki/Immanuel_Kant	1724	1
Moses Mendelssohn	https://en.wikipedia.org/wiki/Moses_Mendelssohn	1729	0
Edmund Burke	https://en.wikipedia.org/wiki/Edmund_Burke	1729	2
Johann Georg Hamann	https://en.wikipedia.org/wiki/Johann_Georg_Hamann	1730	5
Hong Dae-yong	https://en.wikipedia.org/wiki/Hong_Dae-yong	1731	1
Johannes Nikolaus Tetens	https://en.wikipedia.org/wiki/Johannes_Nikolaus_Tetens	1736	1
Park Ji-won	https://en.wikipedia.org/wiki/Park_Ji-won	1737	0
Thomas Paine	https://en.wikipedia.org/wiki/Thomas_Paine	1737	2
Marquis de Sade	https://en.wikipedia.org/wiki/Marquis_de_Sade	1740	4
Friedrich Heinrich Jacobi	https://en.wikipedia.org/wiki/Friedrich_Heinrich_Jacobi	1743	8
Johann Gottfried Herder	https://en.wikipedia.org/wiki/Johann_Gottfried_Herder	1744	0
Shah Abdul Aziz	https://en.wikipedia.org/wiki/Shah_Abdul_Aziz	1745	0
Adam Weishaupt	https://en.wikipedia.org/wiki/Adam_Weishaupt	1748	1
Jeremy Bentham	https://en.wikipedia.org/wiki/Jeremy_Bentham	1748	1
Christian Jakob Kraus	https://en.wikipedia.org/wiki/Christian_Jakob_Kraus	1753	1
Joseph de Maistre	https://en.wikipedia.org/wiki/Joseph_de_Maistre	1753	0
Salomon Maimon	https://en.wikipedia.org/wiki/Salomon_Maimon	1753	1
Louis Gabriel Ambroise de Bonald	https://en.wikipedia.org/wiki/Louis_Gabriel_Ambroise_de_Bonald	1754	1
Karl Leonhard Reinhold	https://en.wikipedia.org/wiki/Karl_Leonhard_Reinhold	1757	2
Claude Henri de Rouvroy, comte de Saint-Simon	https://en.wikipedia.org/wiki/Claude_Henri_de_Rouvroy,_comte_de_Saint-Simon	1760	3
Johann Gottlieb Fichte	https://en.wikipedia.org/wiki/Johann_Gottlieb_Fichte	1762	3
Maine de Biran	https://en.wikipedia.org/wiki/Maine_de_Biran	1766	8
Wilhelm von Humboldt	https://en.wikipedia.org/wiki/Wilhelm_von_Humboldt	1767	4
Friedrich Schleiermacher	https://en.wikipedia.org/wiki/Friedrich_Schleiermacher	1768	4
Georg Wilhelm Friedrich Hegel	https://en.wikipedia.org/wiki/Georg_Wilhelm_Friedrich_Hegel	1770	4
Charles Fourier	https://en.wikipedia.org/wiki/Charles_Fourier	1772	7
James Mill	https://en.wikipedia.org/wiki/James_Mill	1773	1
Friedrich Wilhelm Joseph Schelling	https://en.wikipedia.org/wiki/Friedrich_Wilhelm_Joseph_Schelling	1775	7
Johann Friedrich Herbart	https://en.wikipedia.org/wiki/Johann_Friedrich_Herbart	1776	5
Bernard Bolzano	https://en.wikipedia.org/wiki/Bernard_Bolzano	1781	4
Arthur Schopenhauer	https://en.wikipedia.org/wiki/Arthur_Schopenhauer	1788	0
Sir William Hamilton, 9th Baronet	https://en.wikipedia.org/wiki/Sir_William_Hamilton,_9th_Baronet	1788	2
John Austin (legal philosopher)	https://en.wikipedia.org/wiki/John_Austin_(legal_philosopher)	1790	2
Franz Bopp	https://en.wikipedia.org/wiki/Franz_Bopp	1791	3
Immanuel Hermann Fichte	https://en.wikipedia.org/wiki/Immanuel_Hermann_Fichte	1796	0
Auguste Comte	https://en.wikipedia.org/wiki/Auguste_Comte	1798	5
Josiah Warren	https://en.wikipedia.org/wiki/Josiah_Warren	1798	1
Giacomo Leopardi	https://en.wikipedia.org/wiki/Giacomo_Leopardi	1798	4
Friedrich Adolf Trendelenburg	https://en.wikipedia.org/wiki/Friedrich_Adolf_Trendelenburg	1802	6
Ralph Waldo Emerson	https://en.wikipedia.org/wiki/Ralph_Waldo_Emerson	1803	4
Ludwig Feuerbach	https://en.wikipedia.org/wiki/Ludwig_Feuerbach	1804	6
Alexis de Tocqueville	https://en.wikipedia.org/wiki/Alexis_de_Tocqueville	1805	2
Johann Eduard Erdmann	https://en.wikipedia.org/wiki/Johann_Eduard_Erdmann	1805	4
Giuseppe Mazzini	https://en.wikipedia.org/wiki/Giuseppe_Mazzini	1805	1
Max Stirner	https://en.wikipedia.org/wiki/Max_Stirner	1806	11
John Stuart Mill	https://en.wikipedia.org/wiki/John_Stuart_Mill	1806	14
Johann Gustav Droysen	https://en.wikipedia.org/wiki/Johann_Gustav_Droysen	1808	1
Victor Prosper Considerant	https://en.wikipedia.org/wiki/Victor_Prosper_Considerant	1808	1
Bruno Bauer	https://en.wikipedia.org/wiki/Bruno_Bauer	1809	5
Louis Blanc	https://en.wikipedia.org/wiki/Louis_Blanc	1811	2
Alexander Herzen	https://en.wikipedia.org/wiki/Alexander_Herzen	1812	2
Nikolai Stankevich	https://en.wikipedia.org/wiki/Nikolai_Stankevich	1813	2
Félix Ravaisson-Mollien	https://en.wikipedia.org/wiki/Félix_Ravaisson-Mollien	1813	8
Søren Kierkegaard	https://en.wikipedia.org/wiki/Søren_Kierkegaard	1813	0
S%C3%B8ren Kierkegaard	https://en.wikipedia.org/wiki/S%C3%B8ren_Kierkegaard	1813	1
F%C3%A9lix Ravaisson-Mollien	https://en.wikipedia.org/wiki/F%C3%A9lix_Ravaisson-Mollien	1813	8
Mikhail Bakunin	https://en.wikipedia.org/wiki/Mikhail_Bakunin	1814	2
Jules Lequier	https://en.wikipedia.org/wiki/Jules_Lequier	1814	2
Charles Bernard Renouvier	https://en.wikipedia.org/wiki/Charles_Bernard_Renouvier	1815	1
Hermann Lotze	https://en.wikipedia.org/wiki/Hermann_Lotze	1817	7
Henry David Thoreau	https://en.wikipedia.org/wiki/Henry_David_Thoreau	1817	2
Karl Marx	https://en.wikipedia.org/wiki/Karl_Marx	1818	0
Herbert Spencer	https://en.wikipedia.org/wiki/Herbert_Spencer	1820	2
Friedrich Engels	https://en.wikipedia.org/wiki/Friedrich_Engels	1820	0
August Schleicher	https://en.wikipedia.org/wiki/August_Schleicher	1821	1
Kuno Fischer	https://en.wikipedia.org/wiki/Kuno_Fischer	1824	1
Joseph Dietzgen	https://en.wikipedia.org/wiki/Joseph_Dietzgen	1828	1
Friedrich Albert Lange	https://en.wikipedia.org/wiki/Friedrich_Albert_Lange	1828	1
Christoph von Sigwart	https://en.wikipedia.org/wiki/Christoph_von_Sigwart	1830	3
Michel Br%C3%A9al	https://en.wikipedia.org/wiki/Michel_Br%C3%A9al	1832	1
Michel Bréal	https://en.wikipedia.org/wiki/Michel_Bréal	1832	1
Wilhelm Dilthey	https://en.wikipedia.org/wiki/Wilhelm_Dilthey	1833	7
Thomas Hill Green	https://en.wikipedia.org/wiki/Thomas_Hill_Green	1836	2
African Spir	https://en.wikipedia.org/wiki/African_Spir	1837	4
Franz Brentano	https://en.wikipedia.org/wiki/Franz_Brentano	1838	5
Henry Sidgwick	https://en.wikipedia.org/wiki/Henry_Sidgwick	1838	4
August Leskien	https://en.wikipedia.org/wiki/August_Leskien	1840	0
George Sylvester Morris	https://en.wikipedia.org/wiki/George_Sylvester_Morris	1840	1
Peter Kropotkin	https://en.wikipedia.org/wiki/Peter_Kropotkin	1842	0
William James	https://en.wikipedia.org/wiki/William_James	1842	10
Karl Robert Eduard von Hartmann	https://en.wikipedia.org/wiki/Karl_Robert_Eduard_von_Hartmann	1842	3
Antonio Labriola	https://en.wikipedia.org/wiki/Antonio_Labriola	1843	2
Richard Avenarius	https://en.wikipedia.org/wiki/Richard_Avenarius	1843	1
Friedrich Nietzsche	https://en.wikipedia.org/wiki/Friedrich_Nietzsche	1844	1
%C3%89mile Boutroux	https://en.wikipedia.org/wiki/%C3%89mile_Boutroux	1845	1
Émile Boutroux	https://en.wikipedia.org/wiki/Émile_Boutroux	1845	1
Rudolf Christoph Eucken	https://en.wikipedia.org/wiki/Rudolf_Christoph_Eucken	1846	0
Svetozar Markovi%C4%87	https://en.wikipedia.org/wiki/Svetozar_Markovi%C4%87	1846	1
F. H. Bradley	https://en.wikipedia.org/wiki/F._H._Bradley	1846	0
Georges Sorel	https://en.wikipedia.org/wiki/Georges_Sorel	1847	1
Gottlob Frege	https://en.wikipedia.org/wiki/Gottlob_Frege	1848	5
Carl Stumpf	https://en.wikipedia.org/wiki/Carl_Stumpf	1848	1
Wilhelm Windelband	https://en.wikipedia.org/wiki/Wilhelm_Windelband	1848	0
Hans Vaihinger	https://en.wikipedia.org/wiki/Hans_Vaihinger	1852	1
Alexius Meinong	https://en.wikipedia.org/wiki/Alexius_Meinong	1853	5
Vladimir Solovyov (philosopher)	https://en.wikipedia.org/wiki/Vladimir_Solovyov_(philosopher)	1853	2
Karl Kautsky	https://en.wikipedia.org/wiki/Karl_Kautsky	1854	1
Hidden@39565388	https://en.wikipedia.org/wiki/Hidden@39565388	1854	1
Josiah Royce	https://en.wikipedia.org/wiki/Josiah_Royce	1855	4
Ferdinand de Saussure	https://en.wikipedia.org/wiki/Ferdinand_de_Saussure	1857	14
Shibli Nomani	https://en.wikipedia.org/wiki/Shibli_Nomani	1857	2
Georg Simmel	https://en.wikipedia.org/wiki/Georg_Simmel	1858	0
Henri Bergson	https://en.wikipedia.org/wiki/Henri_Bergson	1859	1
Edmund Husserl	https://en.wikipedia.org/wiki/Edmund_Husserl	1859	20
John Dewey	https://en.wikipedia.org/wiki/John_Dewey	1859	0
Samuel Alexander	https://en.wikipedia.org/wiki/Samuel_Alexander	1859	2
Émile Meyerson	https://en.wikipedia.org/wiki/Émile_Meyerson	1859	2
%C3%89mile Meyerson	https://en.wikipedia.org/wiki/%C3%89mile_Meyerson	1859	2
Christian von Ehrenfels	https://en.wikipedia.org/wiki/Christian_von_Ehrenfels	1859	0
Maurice Blondel	https://en.wikipedia.org/wiki/Maurice_Blondel	1861	0
Pierre Duhem	https://en.wikipedia.org/wiki/Pierre_Duhem	1861	1
Rudolf Steiner	https://en.wikipedia.org/wiki/Rudolf_Steiner	1861	2
Han Ryner	https://en.wikipedia.org/wiki/Han_Ryner	1861	1
Alfred North Whitehead	https://en.wikipedia.org/wiki/Alfred_North_Whitehead	1861	15
Tajuddin Muhammad Badruddin	https://en.wikipedia.org/wiki/Tajuddin_Muhammad_Badruddin	1861	1
Georges Palante	https://en.wikipedia.org/wiki/Georges_Palante	1862	3
George Herbert Mead	https://en.wikipedia.org/wiki/George_Herbert_Mead	1863	4
George Santayana	https://en.wikipedia.org/wiki/George_Santayana	1863	0
Heinrich Rickert	https://en.wikipedia.org/wiki/Heinrich_Rickert	1863	3
Charles Cooley	https://en.wikipedia.org/wiki/Charles_Cooley	1864	2
F. C. S. Schiller	https://en.wikipedia.org/wiki/F._C._S._Schiller	1864	1
Hidden@826377	https://en.wikipedia.org/wiki/Hidden@826377	1864	1
Abdulhakim Arvasi	https://en.wikipedia.org/wiki/Abdulhakim_Arvasi	1865	2
Arthur Drews	https://en.wikipedia.org/wiki/Arthur_Drews	1865	0
J. M. E. McTaggart	https://en.wikipedia.org/wiki/J._M._E._McTaggart	1866	2
Augustyn Wróblewski	https://en.wikipedia.org/wiki/Augustyn_Wróblewski	1866	1
Benedetto Croce	https://en.wikipedia.org/wiki/Benedetto_Croce	1866	4
Augustyn Wr%C3%B3blewski	https://en.wikipedia.org/wiki/Augustyn_Wr%C3%B3blewski	1866	1
Émile Chartier	https://en.wikipedia.org/wiki/Émile_Chartier	1868	3
%C3%89mile Chartier	https://en.wikipedia.org/wiki/%C3%89mile_Chartier	1868	3
Charles Maurras	https://en.wikipedia.org/wiki/Charles_Maurras	1868	0
Edward Abramowski	https://en.wikipedia.org/wiki/Edward_Abramowski	1868	2
Léon Brunschvicg	https://en.wikipedia.org/wiki/Léon_Brunschvicg	1869	4
Emma Goldman	https://en.wikipedia.org/wiki/Emma_Goldman	1869	0
L%C3%A9on Brunschvicg	https://en.wikipedia.org/wiki/L%C3%A9on_Brunschvicg	1869	5
Nikolay Lossky	https://en.wikipedia.org/wiki/Nikolay_Lossky	1870	1
Upasni Maharaj	https://en.wikipedia.org/wiki/Upasni_Maharaj	1870	1
Harold Arthur Prichard	https://en.wikipedia.org/wiki/Harold_Arthur_Prichard	1871	3
Émile Armand	https://en.wikipedia.org/wiki/Émile_Armand	1872	0
%C3%89mile Armand	https://en.wikipedia.org/wiki/%C3%89mile_Armand	1872	1
Bertrand Russell	https://en.wikipedia.org/wiki/Bertrand_Russell	1872	1
Max Adler (Marxist)	https://en.wikipedia.org/wiki/Max_Adler_(Marxist)	1873	0
G. E. Moore	https://en.wikipedia.org/wiki/G._E._Moore	1873	1
Max Scheler	https://en.wikipedia.org/wiki/Max_Scheler	1874	1
Ernst Cassirer	https://en.wikipedia.org/wiki/Ernst_Cassirer	1874	2
Nikolai Berdyaev	https://en.wikipedia.org/wiki/Nikolai_Berdyaev	1874	2
Emil Lask	https://en.wikipedia.org/wiki/Emil_Lask	1875	1
Giovanni Gentile	https://en.wikipedia.org/wiki/Giovanni_Gentile	1875	1
W. D. Ross	https://en.wikipedia.org/wiki/W._D._Ross	1877	1
Muhammad Iqbal	https://en.wikipedia.org/wiki/Muhammad_Iqbal	1877	0
Maurice Halbwachs	https://en.wikipedia.org/wiki/Maurice_Halbwachs	1877	2
Martin Buber	https://en.wikipedia.org/wiki/Martin_Buber	1878	3
Joseph Mar%C3%A9chal	https://en.wikipedia.org/wiki/Joseph_Mar%C3%A9chal	1878	1
Othmar Spann	https://en.wikipedia.org/wiki/Othmar_Spann	1878	1
Joseph Maréchal	https://en.wikipedia.org/wiki/Joseph_Maréchal	1878	1
Oswald Spengler	https://en.wikipedia.org/wiki/Oswald_Spengler	1880	0
Morris Raphael Cohen	https://en.wikipedia.org/wiki/Morris_Raphael_Cohen	1880	2
Hans Kelsen	https://en.wikipedia.org/wiki/Hans_Kelsen	1881	1
Curt John Ducasse	https://en.wikipedia.org/wiki/Curt_John_Ducasse	1881	2
Jacques Maritain	https://en.wikipedia.org/wiki/Jacques_Maritain	1882	2
Nicolai Hartmann	https://en.wikipedia.org/wiki/Nicolai_Hartmann	1882	1
Louis Lavelle	https://en.wikipedia.org/wiki/Louis_Lavelle	1883	0
Clarence Irving Lewis	https://en.wikipedia.org/wiki/Clarence_Irving_Lewis	1883	3
José Ortega y Gasset	https://en.wikipedia.org/wiki/José_Ortega_y_Gasset	1883	5
Karl Jaspers	https://en.wikipedia.org/wiki/Karl_Jaspers	1883	4
Jos%C3%A9 Ortega y Gasset	https://en.wikipedia.org/wiki/Jos%C3%A9_Ortega_y_Gasset	1883	5
Gaston Bachelard	https://en.wikipedia.org/wiki/Gaston_Bachelard	1884	8
%C3%89tienne Gilson	https://en.wikipedia.org/wiki/%C3%89tienne_Gilson	1884	4
Étienne Gilson	https://en.wikipedia.org/wiki/Étienne_Gilson	1884	4
Zechariah Chafee	https://en.wikipedia.org/wiki/Zechariah_Chafee	1885	0
Gy%C3%B6rgy Luk%C3%A1cs	https://en.wikipedia.org/wiki/Gy%C3%B6rgy_Luk%C3%A1cs	1885	5
Eugène Minkowski	https://en.wikipedia.org/wiki/Eugène_Minkowski	1885	1
Eug%C3%A8ne Minkowski	https://en.wikipedia.org/wiki/Eug%C3%A8ne_Minkowski	1885	1
Hidden@40169969	https://en.wikipedia.org/wiki/Hidden@40169969	1885	5
Franz Rosenzweig	https://en.wikipedia.org/wiki/Franz_Rosenzweig	1886	1
Karl Korsch	https://en.wikipedia.org/wiki/Karl_Korsch	1886	1
Kurt Koffka	https://en.wikipedia.org/wiki/Kurt_Koffka	1886	1
C. D. Broad	https://en.wikipedia.org/wiki/C._D._Broad	1887	1
Carl Schmitt	https://en.wikipedia.org/wiki/Carl_Schmitt	1888	0
Xavier Zubiri	https://en.wikipedia.org/wiki/Xavier_Zubiri	1889	3
Martin Heidegger	https://en.wikipedia.org/wiki/Martin_Heidegger	1889	1
Ludwig Wittgenstein	https://en.wikipedia.org/wiki/Ludwig_Wittgenstein	1889	16
Gabriel Marcel	https://en.wikipedia.org/wiki/Gabriel_Marcel	1889	0
Renzo Novatore	https://en.wikipedia.org/wiki/Renzo_Novatore	1890	0
Jan Muka?ovský	https://en.wikipedia.org/wiki/Jan_Muka?ovský	1891	0
Rudolf Carnap	https://en.wikipedia.org/wiki/Rudolf_Carnap	1891	3
Antonio Gramsci	https://en.wikipedia.org/wiki/Antonio_Gramsci	1891	0
Jan Muka%C5%99ovsk%C3%BD	https://en.wikipedia.org/wiki/Jan_Muka%C5%99ovsk%C3%BD	1891	0
Walter Benjamin	https://en.wikipedia.org/wiki/Walter_Benjamin	1892	1
Brand Blanshard	https://en.wikipedia.org/wiki/Brand_Blanshard	1892	0
Alexandre Koyré	https://en.wikipedia.org/wiki/Alexandre_Koyré	1892	4
Muhammad Husayn Tabataba'i	https://en.wikipedia.org/wiki/Muhammad_Husayn_Tabataba'i	1892	3
Alexandre Koyr%C3%A9	https://en.wikipedia.org/wiki/Alexandre_Koyr%C3%A9	1892	5
Edwin Arthur Burtt	https://en.wikipedia.org/wiki/Edwin_Arthur_Burtt	1892	2
John Anderson (philosopher)	https://en.wikipedia.org/wiki/John_Anderson_(philosopher)	1893	5
Roman Ingarden	https://en.wikipedia.org/wiki/Roman_Ingarden	1893	1
José Carlos Mariátegui	https://en.wikipedia.org/wiki/José_Carlos_Mariátegui	1894	0
Jos%C3%A9 Carlos Mari%C3%A1tegui	https://en.wikipedia.org/wiki/Jos%C3%A9_Carlos_Mari%C3%A1tegui	1894	0
Meher Baba	https://en.wikipedia.org/wiki/Meher_Baba	1894	0
Susanne Langer	https://en.wikipedia.org/wiki/Susanne_Langer	1895	0
Mikhail Bakhtin	https://en.wikipedia.org/wiki/Mikhail_Bakhtin	1895	1
Fernando Gonz%C3%A1lez (writer)	https://en.wikipedia.org/wiki/Fernando_Gonz%C3%A1lez_(writer)	1895	2
Louis Arnaud Reid	https://en.wikipedia.org/wiki/Louis_Arnaud_Reid	1895	1
Max Horkheimer	https://en.wikipedia.org/wiki/Max_Horkheimer	1895	5
Roman Jakobson	https://en.wikipedia.org/wiki/Roman_Jakobson	1896	8
Georges Bataille	https://en.wikipedia.org/wiki/Georges_Bataille	1897	1
Norbert Elias	https://en.wikipedia.org/wiki/Norbert_Elias	1897	1
Charles Hartshorne	https://en.wikipedia.org/wiki/Charles_Hartshorne	1897	2
Hidden@39385650	https://en.wikipedia.org/wiki/Hidden@39385650	1898	6
Julius Evola	https://en.wikipedia.org/wiki/Julius_Evola	1898	2
Herbert Marcuse	https://en.wikipedia.org/wiki/Herbert_Marcuse	1898	5
Georges Dumézil	https://en.wikipedia.org/wiki/Georges_Dumézil	1898	2
Georges Dum%C3%A9zil	https://en.wikipedia.org/wiki/Georges_Dum%C3%A9zil	1898	2
Qalandar Baba Auliya	https://en.wikipedia.org/wiki/Qalandar_Baba_Auliya	1898	0
Leo Strauss	https://en.wikipedia.org/wiki/Leo_Strauss	1899	0
H. H. Price	https://en.wikipedia.org/wiki/H._H._Price	1899	0
Erich Fromm	https://en.wikipedia.org/wiki/Erich_Fromm	1900	0
Gilbert Ryle	https://en.wikipedia.org/wiki/Gilbert_Ryle	1900	7
Herbert Blumer	https://en.wikipedia.org/wiki/Herbert_Blumer	1900	0
Hans-Georg Gadamer	https://en.wikipedia.org/wiki/Hans-Georg_Gadamer	1900	1
Muhammad Asad	https://en.wikipedia.org/wiki/Muhammad_Asad	1900	1
Richard McKeon	https://en.wikipedia.org/wiki/Richard_McKeon	1900	4
Henri Lefebvre	https://en.wikipedia.org/wiki/Henri_Lefebvre	1901	1
Ernest Nagel	https://en.wikipedia.org/wiki/Ernest_Nagel	1901	2
Eric Voegelin	https://en.wikipedia.org/wiki/Eric_Voegelin	1901	0
Jacques Lacan	https://en.wikipedia.org/wiki/Jacques_Lacan	1901	5
Alexandre Kojève	https://en.wikipedia.org/wiki/Alexandre_Kojève	1902	0
Sidney Hook	https://en.wikipedia.org/wiki/Sidney_Hook	1902	2
Alexandre Koj%C3%A8ve	https://en.wikipedia.org/wiki/Alexandre_Koj%C3%A8ve	1902	0
Karl Popper	https://en.wikipedia.org/wiki/Karl_Popper	1902	0
Mortimer J. Adler	https://en.wikipedia.org/wiki/Mortimer_J._Adler	1902	0
Lon L. Fuller	https://en.wikipedia.org/wiki/Lon_L._Fuller	1902	1
Frank P. Ramsey	https://en.wikipedia.org/wiki/Frank_P._Ramsey	1903	1
Jean Cavaillès	https://en.wikipedia.org/wiki/Jean_Cavaillès	1903	1
Jean Cavaill%C3%A8s	https://en.wikipedia.org/wiki/Jean_Cavaill%C3%A8s	1903	1
Theodor W. Adorno	https://en.wikipedia.org/wiki/Theodor_W._Adorno	1903	1
Hans Jonas	https://en.wikipedia.org/wiki/Hans_Jonas	1903	6
Henry Corbin	https://en.wikipedia.org/wiki/Henry_Corbin	1903	0
Necip Faz%C4%B1l K%C4%B1sak%C3%BCrek	https://en.wikipedia.org/wiki/Necip_Faz%C4%B1l_K%C4%B1sak%C3%BCrek	1904	0
Necip Faz?l K?sakürek	https://en.wikipedia.org/wiki/Necip_Faz?l_K?sakürek	1904	0
Amin Ahsan Islahi	https://en.wikipedia.org/wiki/Amin_Ahsan_Islahi	1904	1
Georges Canguilhem	https://en.wikipedia.org/wiki/Georges_Canguilhem	1904	4
Karl Rahner	https://en.wikipedia.org/wiki/Karl_Rahner	1904	0
Jean-Paul Sartre	https://en.wikipedia.org/wiki/Jean-Paul_Sartre	1905	6
Carl Gustav Hempel	https://en.wikipedia.org/wiki/Carl_Gustav_Hempel	1905	1
Raymond Aron	https://en.wikipedia.org/wiki/Raymond_Aron	1905	2
Hannah Arendt	https://en.wikipedia.org/wiki/Hannah_Arendt	1906	3
Emmanuel Levinas	https://en.wikipedia.org/wiki/Emmanuel_Levinas	1906	3
Nelson Goodman	https://en.wikipedia.org/wiki/Nelson_Goodman	1906	6
Maurice Blanchot	https://en.wikipedia.org/wiki/Maurice_Blanchot	1907	0
M%C3%A1rio Ferreira dos Santos	https://en.wikipedia.org/wiki/M%C3%A1rio_Ferreira_dos_Santos	1907	0
H. L. A. Hart	https://en.wikipedia.org/wiki/H._L._A._Hart	1907	3
Jan Pato%C4%8Dka	https://en.wikipedia.org/wiki/Jan_Pato%C4%8Dka	1907	0
Claude Lévi-Strauss	https://en.wikipedia.org/wiki/Claude_Lévi-Strauss	1908	1
Claude L%C3%A9vi-Strauss	https://en.wikipedia.org/wiki/Claude_L%C3%A9vi-Strauss	1908	1
Simone de Beauvoir	https://en.wikipedia.org/wiki/Simone_de_Beauvoir	1908	1
Maurice Merleau-Ponty	https://en.wikipedia.org/wiki/Maurice_Merleau-Ponty	1908	0
Willard Van Orman Quine	https://en.wikipedia.org/wiki/Willard_Van_Orman_Quine	1908	4
Mili%C4%8D %C4%8Capek	https://en.wikipedia.org/wiki/Mili%C4%8D_%C4%8Capek	1909	2
Simone Weil	https://en.wikipedia.org/wiki/Simone_Weil	1909	3
Norberto Bobbio	https://en.wikipedia.org/wiki/Norberto_Bobbio	1909	2
Isaiah Berlin	https://en.wikipedia.org/wiki/Isaiah_Berlin	1909	1
A. J. Ayer	https://en.wikipedia.org/wiki/A._J._Ayer	1910	1
Emil Cioran	https://en.wikipedia.org/wiki/Emil_Cioran	1911	1
J. L. Austin	https://en.wikipedia.org/wiki/J._L._Austin	1911	2
Marshall McLuhan	https://en.wikipedia.org/wiki/Marshall_McLuhan	1911	1
Wilfrid Sellars	https://en.wikipedia.org/wiki/Wilfrid_Sellars	1912	8
Arne Næss	https://en.wikipedia.org/wiki/Arne_Næss	1912	0
Arne N%C3%A6ss	https://en.wikipedia.org/wiki/Arne_N%C3%A6ss	1912	0
Jacques Ellul	https://en.wikipedia.org/wiki/Jacques_Ellul	1912	4
Paul Ricœur	https://en.wikipedia.org/wiki/Paul_Ricœur	1913	2
Paul Ric%C5%93ur	https://en.wikipedia.org/wiki/Paul_Ric%C5%93ur	1913	2
Norman O. Brown	https://en.wikipedia.org/wiki/Norman_O._Brown	1913	0
Albert Camus	https://en.wikipedia.org/wiki/Albert_Camus	1913	1
Paul Grice	https://en.wikipedia.org/wiki/Paul_Grice	1913	1
John Passmore	https://en.wikipedia.org/wiki/John_Passmore	1914	0
Roland Barthes	https://en.wikipedia.org/wiki/Roland_Barthes	1915	1
Roderick Chisholm	https://en.wikipedia.org/wiki/Roderick_Chisholm	1916	0
Emil Fackenheim	https://en.wikipedia.org/wiki/Emil_Fackenheim	1916	0
Georg Henrik von Wright	https://en.wikipedia.org/wiki/Georg_Henrik_von_Wright	1916	2
Peter Geach	https://en.wikipedia.org/wiki/Peter_Geach	1916	2
Sebastian Shaumyan	https://en.wikipedia.org/wiki/Sebastian_Shaumyan	1916	0
J. L. Mackie	https://en.wikipedia.org/wiki/J._L._Mackie	1917	1
Abdel Rahman Badawi	https://en.wikipedia.org/wiki/Abdel_Rahman_Badawi	1917	0
Donald Davidson (philosopher)	https://en.wikipedia.org/wiki/Donald_Davidson_(philosopher)	1917	2
Louis Althusser	https://en.wikipedia.org/wiki/Louis_Althusser	1918	1
P. F. Strawson	https://en.wikipedia.org/wiki/P._F._Strawson	1919	5
William A. Earle	https://en.wikipedia.org/wiki/William_A._Earle	1919	0
Paul de Man	https://en.wikipedia.org/wiki/Paul_de_Man	1919	0
Mario Bunge	https://en.wikipedia.org/wiki/Mario_Bunge	1919	0
Morris Janowitz	https://en.wikipedia.org/wiki/Morris_Janowitz	1919	0
R. M. Hare	https://en.wikipedia.org/wiki/R._M._Hare	1919	2
Jules Vuillemin	https://en.wikipedia.org/wiki/Jules_Vuillemin	1920	0
Philippa Foot	https://en.wikipedia.org/wiki/Philippa_Foot	1920	4
J. J. C. Smart	https://en.wikipedia.org/wiki/J._J._C._Smart	1920	0
Murray Bookchin	https://en.wikipedia.org/wiki/Murray_Bookchin	1921	0
Walter Kaufmann (philosopher)	https://en.wikipedia.org/wiki/Walter_Kaufmann_(philosopher)	1921	3
Raymond Williams	https://en.wikipedia.org/wiki/Raymond_Williams	1921	2
William Alston	https://en.wikipedia.org/wiki/William_Alston	1921	0
John Rawls	https://en.wikipedia.org/wiki/John_Rawls	1921	1
Sheldon Wolin	https://en.wikipedia.org/wiki/Sheldon_Wolin	1922	2
Karl-Otto Apel	https://en.wikipedia.org/wiki/Karl-Otto_Apel	1922	2
Thomas Kuhn	https://en.wikipedia.org/wiki/Thomas_Kuhn	1922	0
Cornelius Castoriadis	https://en.wikipedia.org/wiki/Cornelius_Castoriadis	1922	6
Michel Henry	https://en.wikipedia.org/wiki/Michel_Henry	1922	0
Patrick Suppes	https://en.wikipedia.org/wiki/Patrick_Suppes	1922	0
Stephen Toulmin	https://en.wikipedia.org/wiki/Stephen_Toulmin	1922	0
Imre Lakatos	https://en.wikipedia.org/wiki/Imre_Lakatos	1922	1
Pierre Hadot	https://en.wikipedia.org/wiki/Pierre_Hadot	1922	1
Jacob Taubes	https://en.wikipedia.org/wiki/Jacob_Taubes	1923	3
André Gorz	https://en.wikipedia.org/wiki/André_Gorz	1923	0
Israel Scheffler	https://en.wikipedia.org/wiki/Israel_Scheffler	1923	0
Anna-Teresa Tymieniecka	https://en.wikipedia.org/wiki/Anna-Teresa_Tymieniecka	1923	0
Andr%C3%A9 Gorz	https://en.wikipedia.org/wiki/Andr%C3%A9_Gorz	1923	0
Richard Popkin	https://en.wikipedia.org/wiki/Richard_Popkin	1923	1
Antony Flew	https://en.wikipedia.org/wiki/Antony_Flew	1923	0
Héctor-Neri Castañeda	https://en.wikipedia.org/wiki/Héctor-Neri_Castañeda	1924	0
Kenneth Waltz	https://en.wikipedia.org/wiki/Kenneth_Waltz	1924	3
H%C3%A9ctor-Neri Casta%C3%B1eda	https://en.wikipedia.org/wiki/H%C3%A9ctor-Neri_Casta%C3%B1eda	1924	0
Gilbert Simondon	https://en.wikipedia.org/wiki/Gilbert_Simondon	1924	2
Jean-François Lyotard	https://en.wikipedia.org/wiki/Jean-François_Lyotard	1924	1
Paul Feyerabend	https://en.wikipedia.org/wiki/Paul_Feyerabend	1924	1
Kostas Axelos	https://en.wikipedia.org/wiki/Kostas_Axelos	1924	2
Jean-Fran%C3%A7ois Lyotard	https://en.wikipedia.org/wiki/Jean-Fran%C3%A7ois_Lyotard	1924	1
Ullin Place	https://en.wikipedia.org/wiki/Ullin_Place	1924	0
Gilles Deleuze	https://en.wikipedia.org/wiki/Gilles_Deleuze	1925	12
Zygmunt Bauman	https://en.wikipedia.org/wiki/Zygmunt_Bauman	1925	0
Paul Kurtz	https://en.wikipedia.org/wiki/Paul_Kurtz	1925	0
John B. Cobb	https://en.wikipedia.org/wiki/John_B._Cobb	1925	1
Michael Dummett	https://en.wikipedia.org/wiki/Michael_Dummett	1925	0
Ernest Gellner	https://en.wikipedia.org/wiki/Ernest_Gellner	1925	2
Herbert McCabe	https://en.wikipedia.org/wiki/Herbert_McCabe	1926	1
David Malet Armstrong	https://en.wikipedia.org/wiki/David_Malet_Armstrong	1926	0
Michel Foucault	https://en.wikipedia.org/wiki/Michel_Foucault	1926	1
Hilary Putnam	https://en.wikipedia.org/wiki/Hilary_Putnam	1926	6
Ivan Illich	https://en.wikipedia.org/wiki/Ivan_Illich	1926	4
Karel Kos%C3%ADk	https://en.wikipedia.org/wiki/Karel_Kos%C3%ADk	1926	0
Stanley Cavell	https://en.wikipedia.org/wiki/Stanley_Cavell	1926	8
David Stove	https://en.wikipedia.org/wiki/David_Stove	1927	0
Burton Dreben	https://en.wikipedia.org/wiki/Burton_Dreben	1927	1
Dieter Henrich	https://en.wikipedia.org/wiki/Dieter_Henrich	1927	2
Leszek Ko%C5%82akowski	https://en.wikipedia.org/wiki/Leszek_Ko%C5%82akowski	1927	2
Noam Chomsky	https://en.wikipedia.org/wiki/Noam_Chomsky	1928	4
Nicholas Rescher	https://en.wikipedia.org/wiki/Nicholas_Rescher	1928	2
William Stringfellow	https://en.wikipedia.org/wiki/William_Stringfellow	1928	0
Jürgen Habermas	https://en.wikipedia.org/wiki/Jürgen_Habermas	1929	0
Jean Baudrillard	https://en.wikipedia.org/wiki/Jean_Baudrillard	1929	0
Hubert Dreyfus	https://en.wikipedia.org/wiki/Hubert_Dreyfus	1929	2
Bernard Williams	https://en.wikipedia.org/wiki/Bernard_Williams	1929	1
Alasdair MacIntyre	https://en.wikipedia.org/wiki/Alasdair_MacIntyre	1929	0
%C3%81gnes Heller	https://en.wikipedia.org/wiki/%C3%81gnes_Heller	1929	0
Judith Jarvis Thomson	https://en.wikipedia.org/wiki/Judith_Jarvis_Thomson	1929	0
Ágnes Heller	https://en.wikipedia.org/wiki/Ágnes_Heller	1929	0
J%C3%BCrgen Habermas	https://en.wikipedia.org/wiki/J%C3%BCrgen_Habermas	1929	0
Félix Guattari	https://en.wikipedia.org/wiki/Félix_Guattari	1930	3
Ignacio Ellacuría	https://en.wikipedia.org/wiki/Ignacio_Ellacuría	1930	0
Joseph A. Bracken	https://en.wikipedia.org/wiki/Joseph_A._Bracken	1930	0
Allan Bloom	https://en.wikipedia.org/wiki/Allan_Bloom	1930	1
Ignacio Ellacur%C3%ADa	https://en.wikipedia.org/wiki/Ignacio_Ellacur%C3%ADa	1930	0
Jacques Derrida	https://en.wikipedia.org/wiki/Jacques_Derrida	1930	2
Frithjof Bergmann	https://en.wikipedia.org/wiki/Frithjof_Bergmann	1930	2
Wolfgang Smith	https://en.wikipedia.org/wiki/Wolfgang_Smith	1930	1
Robert Gilpin	https://en.wikipedia.org/wiki/Robert_Gilpin	1930	0
Luce Irigaray	https://en.wikipedia.org/wiki/Luce_Irigaray	1930	2
Pierre Bourdieu	https://en.wikipedia.org/wiki/Pierre_Bourdieu	1930	0
F%C3%A9lix Guattari	https://en.wikipedia.org/wiki/F%C3%A9lix_Guattari	1930	4
Michel Serres	https://en.wikipedia.org/wiki/Michel_Serres	1930	0
Guy Debord	https://en.wikipedia.org/wiki/Guy_Debord	1931	0
Gonzalo Arango	https://en.wikipedia.org/wiki/Gonzalo_Arango	1931	0
Anthony Kenny	https://en.wikipedia.org/wiki/Anthony_Kenny	1931	0
Ronald Dworkin	https://en.wikipedia.org/wiki/Ronald_Dworkin	1931	1
Richard Rorty	https://en.wikipedia.org/wiki/Richard_Rorty	1931	3
William L. Rowe	https://en.wikipedia.org/wiki/William_L._Rowe	1931	0
Charles Taylor (philosopher)	https://en.wikipedia.org/wiki/Charles_Taylor_(philosopher)	1931	2
Nicholas Wolterstorff	https://en.wikipedia.org/wiki/Nicholas_Wolterstorff	1932	1
Michael Martin (philosopher)	https://en.wikipedia.org/wiki/Michael_Martin_(philosopher)	1932	0
Hedley Bull	https://en.wikipedia.org/wiki/Hedley_Bull	1932	0
John Searle	https://en.wikipedia.org/wiki/John_Searle	1932	0
Norman Geisler	https://en.wikipedia.org/wiki/Norman_Geisler	1932	0
Robert Anton Wilson	https://en.wikipedia.org/wiki/Robert_Anton_Wilson	1932	0
Richard J. Bernstein	https://en.wikipedia.org/wiki/Richard_J._Bernstein	1932	2
Alvin Plantinga	https://en.wikipedia.org/wiki/Alvin_Plantinga	1932	3
Hossein Nasr	https://en.wikipedia.org/wiki/Hossein_Nasr	1933	0
Ted Honderich	https://en.wikipedia.org/wiki/Ted_Honderich	1933	0
Reza Davari Ardakani	https://en.wikipedia.org/wiki/Reza_Davari_Ardakani	1933	1
Antonio Negri	https://en.wikipedia.org/wiki/Antonio_Negri	1933	1
Ruth Millikan	https://en.wikipedia.org/wiki/Ruth_Millikan	1933	0
Don Ihde	https://en.wikipedia.org/wiki/Don_Ihde	1934	0
Jaegwon Kim	https://en.wikipedia.org/wiki/Jaegwon_Kim	1934	0
Bernard Gert	https://en.wikipedia.org/wiki/Bernard_Gert	1934	0
Evandro Agazzi	https://en.wikipedia.org/wiki/Evandro_Agazzi	1934	1
Dewi Zephaniah Phillips	https://en.wikipedia.org/wiki/Dewi_Zephaniah_Phillips	1934	0
Gy%C3%B6rgy M%C3%A1rkus	https://en.wikipedia.org/wiki/Gy%C3%B6rgy_M%C3%A1rkus	1934	1
Fredric Jameson	https://en.wikipedia.org/wiki/Fredric_Jameson	1934	2
Richard Swinburne	https://en.wikipedia.org/wiki/Richard_Swinburne	1934	3
György Márkus	https://en.wikipedia.org/wiki/György_Márkus	1934	1
Edward Said	https://en.wikipedia.org/wiki/Edward_Said	1935	3
Khalid Masud	https://en.wikipedia.org/wiki/Khalid_Masud	1935	0
Estanislao Zuleta	https://en.wikipedia.org/wiki/Estanislao_Zuleta	1935	0
Ernesto Laclau	https://en.wikipedia.org/wiki/Ernesto_Laclau	1935	2
Michael Walzer	https://en.wikipedia.org/wiki/Michael_Walzer	1935	1
Dallas Willard	https://en.wikipedia.org/wiki/Dallas_Willard	1935	0
Jerry Fodor	https://en.wikipedia.org/wiki/Jerry_Fodor	1935	0
Peter Achinstein	https://en.wikipedia.org/wiki/Peter_Achinstein	1935	1
Gianni Vattimo	https://en.wikipedia.org/wiki/Gianni_Vattimo	1936	2
Ian Hacking	https://en.wikipedia.org/wiki/Ian_Hacking	1936	0
Nicos Poulantzas	https://en.wikipedia.org/wiki/Nicos_Poulantzas	1936	1
Arthur Fine	https://en.wikipedia.org/wiki/Arthur_Fine	1937	1
André Glucksmann	https://en.wikipedia.org/wiki/André_Glucksmann	1937	0
Alain Badiou	https://en.wikipedia.org/wiki/Alain_Badiou	1937	5
Andr%C3%A9 Glucksmann	https://en.wikipedia.org/wiki/Andr%C3%A9_Glucksmann	1937	0
Fran%C3%A7ois Laruelle	https://en.wikipedia.org/wiki/Fran%C3%A7ois_Laruelle	1937	1
François Laruelle	https://en.wikipedia.org/wiki/François_Laruelle	1937	1
H%C3%A9l%C3%A8ne Cixous	https://en.wikipedia.org/wiki/H%C3%A9l%C3%A8ne_Cixous	1937	1
Dominique Janicaud	https://en.wikipedia.org/wiki/Dominique_Janicaud	1937	0
Hélène Cixous	https://en.wikipedia.org/wiki/Hélène_Cixous	1937	1
Robert Nozick	https://en.wikipedia.org/wiki/Robert_Nozick	1938	0
Ivan Soll	https://en.wikipedia.org/wiki/Ivan_Soll	1938	0
Keith Ward	https://en.wikipedia.org/wiki/Keith_Ward	1938	0
Peter Hacker	https://en.wikipedia.org/wiki/Peter_Hacker	1939	0
David Ray Griffin	https://en.wikipedia.org/wiki/David_Ray_Griffin	1939	0
Kendall Walton	https://en.wikipedia.org/wiki/Kendall_Walton	1939	1
Joseph Raz	https://en.wikipedia.org/wiki/Joseph_Raz	1939	1
William Leiss	https://en.wikipedia.org/wiki/William_Leiss	1939	0
Michael J. Shapiro	https://en.wikipedia.org/wiki/Michael_J._Shapiro	1940	0
Jacques Rancière	https://en.wikipedia.org/wiki/Jacques_Rancière	1940	3
Takis Fotopoulos	https://en.wikipedia.org/wiki/Takis_Fotopoulos	1940	0
Saul Kripke	https://en.wikipedia.org/wiki/Saul_Kripke	1940	0
Jacques Ranci%C3%A8re	https://en.wikipedia.org/wiki/Jacques_Ranci%C3%A8re	1940	3
John D. Caputo	https://en.wikipedia.org/wiki/John_D._Caputo	1940	2
David Lewis (philosopher)	https://en.wikipedia.org/wiki/David_Lewis_(philosopher)	1941	1
Jos%C3%A9 Guilherme Merquior	https://en.wikipedia.org/wiki/Jos%C3%A9_Guilherme_Merquior	1941	0
Bas van Fraassen	https://en.wikipedia.org/wiki/Bas_van_Fraassen	1941	1
Joxe Azurmendi	https://en.wikipedia.org/wiki/Joxe_Azurmendi	1941	0
José Guilherme Merquior	https://en.wikipedia.org/wiki/José_Guilherme_Merquior	1941	0
Julia Kristeva	https://en.wikipedia.org/wiki/Julia_Kristeva	1941	0
Gerald Cohen	https://en.wikipedia.org/wiki/Gerald_Cohen	1941	2
John McDowell	https://en.wikipedia.org/wiki/John_McDowell	1942	0
Derek Parfit	https://en.wikipedia.org/wiki/Derek_Parfit	1942	0
Tom Rockmore	https://en.wikipedia.org/wiki/Tom_Rockmore	1942	0
Duncan Kennedy (legal philosopher)	https://en.wikipedia.org/wiki/Duncan_Kennedy_(legal_philosopher)	1942	2
Ned Block	https://en.wikipedia.org/wiki/Ned_Block	1942	0
Étienne Balibar	https://en.wikipedia.org/wiki/Étienne_Balibar	1942	1
Paul Churchland	https://en.wikipedia.org/wiki/Paul_Churchland	1942	0
%C3%89tienne Balibar	https://en.wikipedia.org/wiki/%C3%89tienne_Balibar	1942	1
Robert C. Solomon	https://en.wikipedia.org/wiki/Robert_C._Solomon	1942	0
Crispin Wright	https://en.wikipedia.org/wiki/Crispin_Wright	1942	0
Giorgio Agamben	https://en.wikipedia.org/wiki/Giorgio_Agamben	1942	1
Peter van Inwagen	https://en.wikipedia.org/wiki/Peter_van_Inwagen	1942	0
Gayatri Chakravorty Spivak	https://en.wikipedia.org/wiki/Gayatri_Chakravorty_Spivak	1942	0
Daniel Dennett	https://en.wikipedia.org/wiki/Daniel_Dennett	1942	0
Chris Harman	https://en.wikipedia.org/wiki/Chris_Harman	1942	1
Muhammad al-Tijani	https://en.wikipedia.org/wiki/Muhammad_al-Tijani	1943	0
Martha Albertson Fineman	https://en.wikipedia.org/wiki/Martha_Albertson_Fineman	1943	1
Costanzo Preve	https://en.wikipedia.org/wiki/Costanzo_Preve	1943	0
Terry Eagleton	https://en.wikipedia.org/wiki/Terry_Eagleton	1943	0
John Zerzan	https://en.wikipedia.org/wiki/John_Zerzan	1943	0
Panagiotis Kondylis	https://en.wikipedia.org/wiki/Panagiotis_Kondylis	1943	0
Rosalind Hursthouse	https://en.wikipedia.org/wiki/Rosalind_Hursthouse	1943	0
Douglas Kellner	https://en.wikipedia.org/wiki/Douglas_Kellner	1943	0
Alain de Benoist	https://en.wikipedia.org/wiki/Alain_de_Benoist	1943	0
Helen Longino	https://en.wikipedia.org/wiki/Helen_Longino	1944	0
Simon Blackburn	https://en.wikipedia.org/wiki/Simon_Blackburn	1944	0
Nancy Cartwright (philosopher)	https://en.wikipedia.org/wiki/Nancy_Cartwright_(philosopher)	1944	0
R. A. W. Rhodes	https://en.wikipedia.org/wiki/R._A._W._Rhodes	1944	0
Roger Scruton	https://en.wikipedia.org/wiki/Roger_Scruton	1944	0
Susan Haack	https://en.wikipedia.org/wiki/Susan_Haack	1945	1
Philip Pettit	https://en.wikipedia.org/wiki/Philip_Pettit	1945	0
Manfred Frank	https://en.wikipedia.org/wiki/Manfred_Frank	1945	0
Jonathan Dancy	https://en.wikipedia.org/wiki/Jonathan_Dancy	1946	1
Alexander Nehamas	https://en.wikipedia.org/wiki/Alexander_Nehamas	1946	0
Peter Singer	https://en.wikipedia.org/wiki/Peter_Singer	1946	0
Predrag Finci	https://en.wikipedia.org/wiki/Predrag_Finci	1946	8
Louis Michael Seidman	https://en.wikipedia.org/wiki/Louis_Michael_Seidman	1947	0
Peter Sloterdijk	https://en.wikipedia.org/wiki/Peter_Sloterdijk	1947	0
Nancy Fraser	https://en.wikipedia.org/wiki/Nancy_Fraser	1947	0
Olavo de Carvalho	https://en.wikipedia.org/wiki/Olavo_de_Carvalho	1947	0
John Mearsheimer	https://en.wikipedia.org/wiki/John_Mearsheimer	1947	0
Gillian Rose	https://en.wikipedia.org/wiki/Gillian_Rose	1947	2
Martha Nussbaum	https://en.wikipedia.org/wiki/Martha_Nussbaum	1947	0
J. P. Moreland	https://en.wikipedia.org/wiki/J._P._Moreland	1948	0
Carlo Penco	https://en.wikipedia.org/wiki/Carlo_Penco	1948	0
Hans Köchler	https://en.wikipedia.org/wiki/Hans_Köchler	1948	0
Hans Joas	https://en.wikipedia.org/wiki/Hans_Joas	1948	0
Graham Priest	https://en.wikipedia.org/wiki/Graham_Priest	1948	0
Hans K%C3%B6chler	https://en.wikipedia.org/wiki/Hans_K%C3%B6chler	1948	0
Robert B. Pippin	https://en.wikipedia.org/wiki/Robert_B._Pippin	1948	2
Ljubodrag Simonovi%C4%87	https://en.wikipedia.org/wiki/Ljubodrag_Simonovi%C4%87	1949	0
Christopher Hitchens	https://en.wikipedia.org/wiki/Christopher_Hitchens	1949	0
Slavoj Žižek	https://en.wikipedia.org/wiki/Slavoj_Žižek	1949	0
Slavoj %C5%BDi%C5%BEek	https://en.wikipedia.org/wiki/Slavoj_%C5%BDi%C5%BEek	1949	0
Arda Denkel	https://en.wikipedia.org/wiki/Arda_Denkel	1949	0
William Lane Craig	https://en.wikipedia.org/wiki/William_Lane_Craig	1949	2
Axel Honneth	https://en.wikipedia.org/wiki/Axel_Honneth	1949	1
Alex Callinicos	https://en.wikipedia.org/wiki/Alex_Callinicos	1950	0
Michele Marsonet	https://en.wikipedia.org/wiki/Michele_Marsonet	1950	0
Richard Tarnas	https://en.wikipedia.org/wiki/Richard_Tarnas	1950	0
Robert Brandom	https://en.wikipedia.org/wiki/Robert_Brandom	1950	0
Brian Davies (philosopher)	https://en.wikipedia.org/wiki/Brian_Davies_(philosopher)	1951	0
Javed Ahmad Ghamidi	https://en.wikipedia.org/wiki/Javed_Ahmad_Ghamidi	1951	0
Bob Black	https://en.wikipedia.org/wiki/Bob_Black	1951	0
Kevin Mulligan	https://en.wikipedia.org/wiki/Kevin_Mulligan	1951	0
Hamid Dabashi	https://en.wikipedia.org/wiki/Hamid_Dabashi	1951	0
Avital Ronell	https://en.wikipedia.org/wiki/Avital_Ronell	1952	0
Bernard Stiegler	https://en.wikipedia.org/wiki/Bernard_Stiegler	1952	0
Francis Fukuyama	https://en.wikipedia.org/wiki/Francis_Fukuyama	1952	0
Manuel DeLanda	https://en.wikipedia.org/wiki/Manuel_DeLanda	1952	0
Christine Korsgaard	https://en.wikipedia.org/wiki/Christine_Korsgaard	1952	1
Catherine Keller (theologian)	https://en.wikipedia.org/wiki/Catherine_Keller_(theologian)	1953	0
Michael J. Sandel	https://en.wikipedia.org/wiki/Michael_J._Sandel	1953	1
Cornel West	https://en.wikipedia.org/wiki/Cornel_West	1953	0
Jeremy Waldron	https://en.wikipedia.org/wiki/Jeremy_Waldron	1953	0
Norbert Bolz	https://en.wikipedia.org/wiki/Norbert_Bolz	1953	0
Rosi Braidotti	https://en.wikipedia.org/wiki/Rosi_Braidotti	1954	0
Anthony Weston	https://en.wikipedia.org/wiki/Anthony_Weston	1954	0
Wendy Brown (political scientist)	https://en.wikipedia.org/wiki/Wendy_Brown_(political_scientist)	1955	0
Stephen Walt	https://en.wikipedia.org/wiki/Stephen_Walt	1955	0
Gary Peller	https://en.wikipedia.org/wiki/Gary_Peller	1955	0
Brian Massumi	https://en.wikipedia.org/wiki/Brian_Massumi	1956	0
Judith Butler	https://en.wikipedia.org/wiki/Judith_Butler	1956	0
Hent de Vries	https://en.wikipedia.org/wiki/Hent_de_Vries	1958	0
Catherine Malabou	https://en.wikipedia.org/wiki/Catherine_Malabou	1959	0
Jes%C3%BAs Padilla G%C3%A1lvez	https://en.wikipedia.org/wiki/Jes%C3%BAs_Padilla_G%C3%A1lvez	1959	8
Jonathan Wolff (philosopher)	https://en.wikipedia.org/wiki/Jonathan_Wolff_(philosopher)	1959	0
Michel Onfray	https://en.wikipedia.org/wiki/Michel_Onfray	1959	0
Simon Critchley	https://en.wikipedia.org/wiki/Simon_Critchley	1960	0
Vittorio H%C3%B6sle	https://en.wikipedia.org/wiki/Vittorio_H%C3%B6sle	1960	0
Vittorio Hösle	https://en.wikipedia.org/wiki/Vittorio_Hösle	1960	0
Michael Hardt	https://en.wikipedia.org/wiki/Michael_Hardt	1960	0
Sandra Laugier	https://en.wikipedia.org/wiki/Sandra_Laugier	1961	0
Nick Land	https://en.wikipedia.org/wiki/Nick_Land	1962	1
Stephen Mulhall	https://en.wikipedia.org/wiki/Stephen_Mulhall	1962	0
Aleksandr Dugin	https://en.wikipedia.org/wiki/Aleksandr_Dugin	1962	0
Will Kymlicka	https://en.wikipedia.org/wiki/Will_Kymlicka	1962	0
Tariq Ramadan	https://en.wikipedia.org/wiki/Tariq_Ramadan	1962	0
Paul Copan	https://en.wikipedia.org/wiki/Paul_Copan	1962	0
Mark Bevir	https://en.wikipedia.org/wiki/Mark_Bevir	1963	1
Bijan Abdolkarimi	https://en.wikipedia.org/wiki/Bijan_Abdolkarimi	1963	0
Richard David Precht	https://en.wikipedia.org/wiki/Richard_David_Precht	1964	0
John Gardner (legal philosopher)	https://en.wikipedia.org/wiki/John_Gardner_(legal_philosopher)	1964	0
Luciano Floridi	https://en.wikipedia.org/wiki/Luciano_Floridi	1964	0
Bryan Reynolds	https://en.wikipedia.org/wiki/Bryan_Reynolds	1965	0
Ray Brassier	https://en.wikipedia.org/wiki/Ray_Brassier	1965	0
Mario Kopi%C4%87	https://en.wikipedia.org/wiki/Mario_Kopi%C4%87	1965	0
Nader El-Bizri	https://en.wikipedia.org/wiki/Nader_El-Bizri	1966	0
David Chalmers	https://en.wikipedia.org/wiki/David_Chalmers	1966	1
Alice Crary	https://en.wikipedia.org/wiki/Alice_Crary	1967	0
Quentin Meillassoux	https://en.wikipedia.org/wiki/Quentin_Meillassoux	1967	1
Dan Zahavi	https://en.wikipedia.org/wiki/Dan_Zahavi	1967	0
Graham Harman	https://en.wikipedia.org/wiki/Graham_Harman	1968	1
Timothy Morton	https://en.wikipedia.org/wiki/Timothy_Morton	1968	0
Michael Huemer	https://en.wikipedia.org/wiki/Michael_Huemer	1969	0
Gualtiero Piccinini	https://en.wikipedia.org/wiki/Gualtiero_Piccinini	1970	0
Austin Dacey	https://en.wikipedia.org/wiki/Austin_Dacey	1972	0
Chris Bateman	https://en.wikipedia.org/wiki/Chris_Bateman	1972	0
Alexander Pruss	https://en.wikipedia.org/wiki/Alexander_Pruss	1973	0
Peter Rollins	https://en.wikipedia.org/wiki/Peter_Rollins	1973	0
Constantine Sandis	https://en.wikipedia.org/wiki/Constantine_Sandis	1976	0
